<?xml version="1.0" encoding="UTF-8"?>
<project-private xmlns="http://www.netbeans.org/ns/project-private/1">
    <editor-bookmarks xmlns="http://www.netbeans.org/ns/editor-bookmarks/2" lastBookmarkId="0"/>
    <open-files xmlns="http://www.netbeans.org/ns/projectui-open-files/2">
        <group>
            <file>file:/C:/Users/jalaludin5092/Documents/NetBeansProjects/WebCrud/web/cssfile.css</file>
            <file>file:/C:/Users/jalaludin5092/Documents/NetBeansProjects/WebCrud/web/tambah.jsp</file>
            <file>file:/C:/Users/jalaludin5092/Documents/NetBeansProjects/WebCrud/web/delete.jsp</file>
            <file>file:/C:/Users/jalaludin5092/Documents/NetBeansProjects/WebCrud/web/update.jsp</file>
            <file>file:/C:/Users/jalaludin5092/Documents/NetBeansProjects/WebCrud/web/index.jsp</file>
        </group>
    </open-files>
</project-private>
